Sede,Jornada,Código,Carrera,Categoría,Mención / Especialidad,Nº de Plan,Tipo de Malla,Nº Semestres
Casa Central Valparaíso,Diurna,13-1,Arquitectura,Profesional,,1325,Malla Nueva,2
Casa Central Valparaíso,Diurna,13-1,Arquitectura,Profesional,,1311,Malla Antigua,10
Casa Central Valparaíso,Diurna,12-1,Construcción Civil,Profesional,,1215,Malla Nueva,10
Casa Central Valparaíso,Diurna,54-1,I.Civil Metalúrgica,Profesional,,5408,Malla Nueva,10
Casa Central Valparaíso,Diurna,54-1,I.Civil Metalúrgica,Profesional,,5405,Malla Antigua,12
Casa Central Valparaíso,Diurna,54-1,I.Civil Metalúrgica,Profesional,,5406,Malla Antigua,12
Casa Central Valparaíso,Diurna,22-1,I.Ejec.Electrónica,Profesional,"Computadores, Control e Instrumentación, Electrónica Industrial, Telecomunicaciones",2211,Malla Nueva,8
Casa Central Valparaíso,Diurna,22-1,I.Ejec.Electrónica,Profesional,"Computadores, Control e Instrumentación, Electrónica Industrial, Telecomunicaciones",2203,Malla Antigua,8
Casa Central Valparaíso,Diurna,74-1,I.Ejec.Informática,Profesional,,7405,Malla Nueva,8
Casa Central Valparaíso,Diurna,74-1,I.Ejec.Informática,Profesional,,7400,Malla Antigua,8
Casa Central Valparaíso,Diurna,11-1,Ing. Civil,Profesional,,1125,Malla Nueva,1
Casa Central Valparaíso,Diurna,11-1,Ing. Civil,Profesional,,1115,Malla Antigua,12
Casa Central Valparaíso,Diurna,23-1,Ing. Civil  Eléctrica,Profesional,,2308,Malla Nueva,10
Casa Central Valparaíso,Diurna,23-1,Ing. Civil  Eléctrica,Profesional,,2311,Malla Antigua,13
Casa Central Valparaíso,Diurna,84-1,Ing. Civil Ambiental,Profesional,,8419,Malla Nueva,10
Casa Central Valparaíso,Diurna,84-1,Ing. Civil Ambiental,Profesional,,8418,Malla Antigua,12
Casa Central Valparaíso,Diurna,4-1,Ing. Civil Común,Profesional,,0406,Malla Nueva,4
Casa Central Valparaíso,Diurna,4-1,Ing. Civil Común,Profesional,,0410,Malla Antigua,4
Casa Central Valparaíso,Diurna,21-1,Ing. Civil Electrónica,Profesional,,2106,Malla Nueva,10
Casa Central Valparaíso,Diurna,21-1,Ing. Civil Electrónica,Profesional,"Computadores, Control e Instrumentación, Electrónica Industrial, Telecomunicaciones",2111,Malla Antigua,12
Casa Central Valparaíso,Diurna,21-1,Ing. Civil Electrónica,Profesional,"Computadores, Control e Instrumentación, Electrónica Industrial, Telecomunicaciones",3103,Malla Antigua,12
Casa Central Valparaíso,Diurna,125-1,Ing. Civil en Biotecnología,Profesional,,12525,Malla Nueva,10
Casa Central Valparaíso,Diurna,60-1,Ing. Civil Industrial,Profesional,,6006,Malla Antigua,12
Casa Central Valparaíso,Diurna,60-1,Ing. Civil Industrial,Profesional,,6008,Malla Antigua,10
Casa Central Valparaíso,Diurna,60-1,Ing. Civil Industrial,Profesional,Proyectos,6050,Malla Nueva,12
Casa Central Valparaíso,Diurna,73-1,Ing. Civil Informática,Profesional,,7310,Malla Nueva,10
Casa Central Valparaíso,Diurna,73-1,Ing. Civil Informática,Profesional,,7313,Malla Antigua,11
Casa Central Valparaíso,Diurna,41-1,Ing. Civil Mecánica,Profesional,,4116,Malla Antigua,13
Casa Central Valparaíso,Diurna,41-1,Ing. Civil Mecánica,Profesional,,4125,Malla Antigua,1
Casa Central Valparaíso,Diurna,41-1,Ing. Civil Mecánica,Profesional,Energía,4505,Malla Antigua,13
Casa Central Valparaíso,Diurna,41-1,Ing. Civil Mecánica,Profesional,Producción,4605,Malla Nueva,13
Casa Central Valparaíso,Diurna,51-1,Ing. Civil Química,Profesional,,5119,Malla Nueva,10
Casa Central Valparaíso,Diurna,51-1,Ing. Civil Química,Profesional,,5117,Malla Antigua,12
Casa Central Valparaíso,Diurna,30-1,Ing. Civil Telemática,Profesional,,3004,Malla Nueva,10
Casa Central Valparaíso,Diurna,30-1,Ing. Civil Telemática,Profesional,,3016,Malla Antigua,12
Casa Central Valparaíso,Diurna,66-1,Ing. Comercial,Profesional,,6607,Malla Nueva,11
Casa Central Valparaíso,Diurna,66-1,Ing. Comercial,Profesional,,6606,Malla Antigua,11
Casa Central Valparaíso,Diurna,98-1,Ing. Comercial (Convenio UAI),Profesional,,9874,Malla Nueva,0
Casa Central Valparaíso,Diurna,69-1,Ing. en Aviación Comercial,Profesional,,6923,Malla Nueva,10
Casa Central Valparaíso,Diurna,44-1,Ing. en Diseño de Productos,Profesional,,4425,Malla Nueva,1
Casa Central Valparaíso,Diurna,44-1,Ing. en Diseño de Productos,Profesional,,4420,Malla Antigua,10
Casa Central Valparaíso,Diurna,43-1,Ing. Mecánica Industrial,Profesional,,4310,Malla Nueva,10
Casa Central Valparaíso,Diurna,83-1,Ingeniería Ambiental,Profesional,,8305,Malla Nueva,11
Casa Central Valparaíso,Diurna,112-1,Ingeniería Civil Física,Profesional,,11224,Malla Nueva,10
Casa Central Valparaíso,Diurna,112-1,Ingeniería Civil Física,Profesional,,11223,Malla Antigua,11
Casa Central Valparaíso,Diurna,10-1,Ingeniería Civil Matemática,Profesional,,1009,Malla Nueva,10
Casa Central Valparaíso,Diurna,10-1,Ingeniería Civil Matemática,Profesional,,1014,Malla Antigua,12
Casa Central Valparaíso,Diurna,25-1,Ingeniería Eléctrica,Profesional,,2511,Malla Nueva,10
Casa Central Valparaíso,Diurna,25-1,Ingeniería Eléctrica,Profesional,,2510,Malla Antigua,10
Casa Central Valparaíso,Diurna,72-1,Ingeniería Informática,Profesional,,7200,Malla Nueva,10
Casa Central Valparaíso,Diurna,59-1,Piloto Comercial,Profesional,,5912,Malla Nueva,6
Casa Central Valparaíso,Diurna,59-1,Piloto Comercial,Profesional,,5900,Malla Antigua,6
Casa Central Valparaíso,Diurna,59-1,Piloto Comercial,Profesional,,5910,Malla Antigua,7
Casa Central Valparaíso,Diurna,59-1,Piloto Comercial,Profesional,,5911,Malla Antigua,6
Casa Central Valparaíso,Diurna,80-1,Químico,Profesional,,8000,Malla Nueva,9
Casa Central Valparaíso,Diurna,87-1,Lic. en Astrofísica,Licenciatura,,8720,Malla Nueva,8
Casa Central Valparaíso,Diurna,85-1,Lic. en Ciencias Mención Física,Licenciatura,Física,8518,Malla Nueva,8
Casa Central Valparaíso,Diurna,88-1,Lic. en Ciencias Mención Matemática,Licenciatura,Matemática,8814,Malla Nueva,8
Casa Central Valparaíso,Diurna,89-1,Lic. en Ciencias Mención Química,Licenciatura,Química,8900,Malla Nueva,9
Casa Central Valparaíso,Diurna,79-1,Lic. en Física,Licenciatura,,7920,Malla Nueva,8
Casa Central Valparaíso,Diurna,180-1,Mag. Prof. en Redes y Telecom.,Magíster,,002,Malla Nueva,4
Casa Central Valparaíso,Diurna,290-1,Mag. Rehabilitación Arq. Sostenible,Magíster,,291,Malla Nueva,3
Casa Central Valparaíso,Diurna,780-1,Mag.Cs. de la Ing.Civil,Magíster,,78002,Malla Nueva,4
Casa Central Valparaíso,Diurna,380-1,Mag.Cs. de la Ing.Electrónica,Magíster,"Control Automático, Sistemas Computacionales",38001,Malla Nueva,1
Casa Central Valparaíso,Diurna,280-1,Mag.Cs. de la Ing.Eléctrica,Magíster,"Máquinas Eléctricas, Sistema de Potencia, de Alta Tensión",28001,Malla Nueva,1
Casa Central Valparaíso,Diurna,270-1,Mag.Cs. de la Ing.Industrial,Magíster,,27001,Malla Nueva,1
Casa Central Valparaíso,Diurna,270-1,Mag.Cs. de la Ing.Industrial,Magíster,,271,Malla Antigua,1
Casa Central Valparaíso,Diurna,680-1,Mag.Cs. de la Ing.Informática,Magíster,,68002,Malla Nueva,3
Casa Central Valparaíso,Diurna,680-1,Mag.Cs. de la Ing.Informática,Magíster,"Desarrollo de Software, Modelos y Métodos Cuantitativos, Sistemas de Computación, Sistemas y Gestión",68001,Malla Antigua,1
Casa Central Valparaíso,Diurna,480-1,Mag.Cs. de la Ing.Mecánica,Magíster,"Cs.Básicas de la Ing.Mec., Energías Renovables, Procesos Térmicos, Producción",48001,Malla Nueva,2
Casa Central Valparaíso,Diurna,260-1,Mag.Cs. de la Ing.Metalúrgica,Magíster,,262,Malla Nueva,4
Casa Central Valparaíso,Diurna,260-1,Mag.Cs. de la Ing.Metalúrgica,Magíster,,261,Malla Antigua,1
Casa Central Valparaíso,Diurna,261-1,Mag.Cs. de la Ing.Metalúrgica y de Minas,Magíster,,12611,Malla Nueva,4
Casa Central Valparaíso,Diurna,580-1,Mag.Cs. de la Ing.Química,Magíster,,58002,Malla Nueva,4
Casa Central Valparaíso,Diurna,580-1,Mag.Cs. de la Ing.Química,Magíster,"Ambiental, Automatización de Procesos, Diseño de Procesos, Procesamiento de Minerales, Flotación, Secado, Simulación, Sistemas Particulados",58001,Malla Antigua,3
Casa Central Valparaíso,Diurna,370-1,Mag.Cs. de la Ing.Telemática,Magíster,Telemática,370,Malla Nueva,1
Casa Central Valparaíso,Diurna,820-1,Mag.Cs. mención Física.,Magíster,"Materia Condensada, Particulas de Campos",001,Malla Nueva,1
Casa Central Valparaíso,Diurna,821-1,Mag.Cs. mención Matem.,Magíster,"Análisis Numérico y Complejo, Sistemas Dinámicos y Ecuaciones diferenciales",82100,Malla Nueva,3
Casa Central Valparaíso,Diurna,822-1,Mag.Cs. mención Química.,Magíster,"Medio Ambiente, Mod. Clásicos y Cuánticos de la Materia, Recursos Naturales",82200,Malla Nueva,4
Casa Central Valparaíso,Diurna,100-1,Mag.en Gestión Empresarial,Magíster,,10004,Malla Nueva,4
Casa Central Valparaíso,Diurna,100-1,Mag.en Gestión Empresarial,Magíster,,10001,Malla Antigua,4
Casa Central Valparaíso,Diurna,100-1,Mag.en Gestión Empresarial,Magíster,,10003,Malla Antigua,4
Casa Central Valparaíso,Diurna,110-1,Mag.en Ingeniería Aeronáutica,Magíster,Aeronáutica,11001,Malla Nueva,4
Casa Central Valparaíso,Diurna,160-1,Mag.Gestión y Tecnología Agronómica,Magíster,,16001,Malla Nueva,4
Casa Central Valparaíso,Diurna,383-1,Magister en Electrónica,Magíster,"Electrónica Industrial, Telecomunicaciones",38301,Malla Nueva,0
Casa Central Valparaíso,Diurna,210-1,Master EGEI,Magíster,,203,Malla Nueva,1
Casa Central Valparaíso,Diurna,900-1,Doc. en Biotecnología,Doctorado,"Biología Celular Molecular, Bioprocesos",90001,Malla Nueva,2
Casa Central Valparaíso,Diurna,830-1,Doc. en Ciencias Físicas,Doctorado,,003,Malla Nueva,7
Casa Central Valparaíso,Diurna,830-1,Doc. en Ciencias Físicas,Doctorado,"Materia Condensada, Partículas de Campos",001,Malla Antigua,1
Casa Central Valparaíso,Diurna,831-1,Doc. en cs. men. Química,Doctorado,,83200,Malla Antigua,1
Casa Central Valparaíso,Diurna,831-1,Doc. en cs. men. Química,Doctorado,Ambiental,83200,Malla Nueva,1
Casa Central Valparaíso,Diurna,831-1,Doc. en cs. men. Química,Doctorado,"Ambiental, Productos Naturales",83100,Malla Antigua,1
Casa Central Valparaíso,Diurna,800-1,Doc. en Ing. Aplicada,Doctorado,,01,Malla Nueva,1
Casa Central Valparaíso,Diurna,390-1,Doc. en Ing. Electrónica,Doctorado,"Control Automático, Electrónica Industrial, Sist.Comp. y Telecom.",39001,Malla Nueva,1
Casa Central Valparaíso,Diurna,690-1,Doc. en Ing. Informática,Doctorado,"Computación Científica e Inteligencia Artificial, Tecnología de Software",69001,Malla Nueva,1
Casa Central Valparaíso,Diurna,490-1,Doc. en Ing. Mecánica,Doctorado,"Procesos Energéticos, Producción",49001,Malla Nueva,2
Casa Central Valparaíso,Diurna,920-1,Doc. en Ing. Química,Doctorado,,92001,Malla Nueva,1
Casa Central Valparaíso,Diurna,601-1,Doc. en Ing. Sostenible,Doctorado,,60125,Malla Nueva,1
Casa Central Valparaíso,Diurna,700-1,Doc. en Ingeniería Eléctrica,Doctorado,,,Sin dato,
Casa Central Valparaíso,Diurna,701-1,Doc. Ingeniería Eléctrica,Doctorado,,70101,Malla Nueva,8
Casa Central Valparaíso,Diurna,840-1,Doc. Matemática,Doctorado,,841,Malla Nueva,1
Casa Central Valparaíso,Vespertina,60-1,Ing. Civil Industrial,Profesional,,6806,Malla Nueva,11
Casa Central Valparaíso,Vespertina,60-1,Ing. Civil Industrial,Profesional,,6705,Malla Antigua,11
Casa Central Valparaíso,Vespertina,60-1,Ing. Civil Industrial,Profesional,,6706,Malla Antigua,11
Casa Central Valparaíso,Vespertina,60-1,Ing. Civil Industrial,Profesional,,6805,Malla Antigua,11
Casa Central Valparaíso,Vespertina,58-1,Ingeniería Comercial,Profesional,,5801,Malla Nueva,9
Casa Central Valparaíso,Vespertina,25-1,Ingeniería Eléctrica,Profesional,,2000,Malla Nueva,3
Casa Central Valparaíso,Vespertina,25-1,Ingeniería Eléctrica,Profesional,,2001,Malla Antigua,3
Casa Central Valparaíso,Vespertina,72-1,Ingeniería Informática,Profesional,,7211,Malla Nueva,3
Casa Central Valparaíso,Vespertina,40-1,Ingeniería Mecánica Industrial,Profesional,,4005,Malla Nueva,6
Casa Central Valparaíso,Vespertina,40-1,Ingeniería Mecánica Industrial,Profesional,,4000,Malla Antigua,3
Santiago San Joaquín,Diurna,49-1,Tec. Univ. en Mantenimiento Aeronáutico,Técnica,,4920,Malla Nueva,4
Santiago San Joaquín,Diurna,13-1,Arquitectura,Profesional,,1325,Malla Nueva,2
Santiago San Joaquín,Diurna,13-1,Arquitectura,Profesional,,1311,Malla Antigua,10
Santiago San Joaquín,Diurna,74-1,I.Ejec.Informática,Profesional,,7405,Malla Nueva,8
Santiago San Joaquín,Diurna,74-1,I.Ejec.Informática,Profesional,,7400,Malla Antigua,8
Santiago San Joaquín,Diurna,11-1,Ing. Civil,Profesional,,1125,Malla Nueva,1
Santiago San Joaquín,Diurna,11-1,Ing. Civil,Profesional,,1115,Malla Antigua,12
Santiago San Joaquín,Diurna,23-1,Ing. Civil  Eléctrica,Profesional,,2308,Malla Nueva,10
Santiago San Joaquín,Diurna,23-1,Ing. Civil  Eléctrica,Profesional,,2311,Malla Antigua,13
Santiago San Joaquín,Diurna,4-1,Ing. Civil Común,Profesional,,0406,Malla Nueva,4
Santiago San Joaquín,Diurna,4-1,Ing. Civil Común,Profesional,,0410,Malla Antigua,4
Santiago San Joaquín,Diurna,73-1,Ing. Civil Informática,Profesional,,7310,Malla Nueva,10
Santiago San Joaquín,Diurna,73-1,Ing. Civil Informática,Profesional,,7313,Malla Antigua,11
Santiago San Joaquín,Diurna,41-1,Ing. Civil Mecánica,Profesional,,4116,Malla Antigua,13
Santiago San Joaquín,Diurna,41-1,Ing. Civil Mecánica,Profesional,,4125,Malla Antigua,1
Santiago San Joaquín,Diurna,41-1,Ing. Civil Mecánica,Profesional,Energía,4505,Malla Antigua,13
Santiago San Joaquín,Diurna,41-1,Ing. Civil Mecánica,Profesional,Producción,4605,Malla Nueva,13
Santiago San Joaquín,Diurna,51-1,Ing. Civil Química,Profesional,,5119,Malla Nueva,10
Santiago San Joaquín,Diurna,51-1,Ing. Civil Química,Profesional,,5117,Malla Antigua,12
Santiago San Joaquín,Diurna,30-1,Ing. Civil Telemática,Profesional,,3004,Malla Nueva,10
Santiago San Joaquín,Diurna,30-1,Ing. Civil Telemática,Profesional,,3016,Malla Antigua,12
Santiago San Joaquín,Diurna,44-1,Ing. en Diseño de Productos,Profesional,,4425,Malla Nueva,1
Santiago San Joaquín,Diurna,44-1,Ing. en Diseño de Productos,Profesional,,4420,Malla Antigua,10
Santiago San Joaquín,Diurna,56-1,Ingeniería Civil de Minas,Profesional,,5614,Malla Nueva,10
Santiago San Joaquín,Diurna,56-1,Ingeniería Civil de Minas,Profesional,,5613,Malla Antigua,11
Santiago San Joaquín,Diurna,112-1,Ingeniería Civil Física,Profesional,,11224,Malla Nueva,10
Santiago San Joaquín,Diurna,112-1,Ingeniería Civil Física,Profesional,,11223,Malla Antigua,11
Santiago San Joaquín,Diurna,10-1,Ingeniería Civil Matemática,Profesional,,1009,Malla Nueva,10
Santiago San Joaquín,Diurna,10-1,Ingeniería Civil Matemática,Profesional,,1014,Malla Antigua,12
Santiago San Joaquín,Diurna,72-1,Ingeniería Informática,Profesional,,7200,Malla Nueva,10
Santiago San Joaquín,Diurna,87-1,Lic. en Astrofísica,Licenciatura,,8720,Malla Nueva,8
Santiago San Joaquín,Diurna,85-1,Lic. en Ciencias Mención Física,Licenciatura,Física,8518,Malla Nueva,8
Santiago San Joaquín,Diurna,79-1,Lic. en Física,Licenciatura,,7920,Malla Nueva,8
Santiago San Joaquín,Diurna,780-1,Mag.Cs. de la Ing.Civil,Magíster,,78002,Malla Nueva,4
Santiago San Joaquín,Diurna,380-1,Mag.Cs. de la Ing.Electrónica,Magíster,,38001,Malla Nueva,1
Santiago San Joaquín,Diurna,280-1,Mag.Cs. de la Ing.Eléctrica,Magíster,,28001,Malla Nueva,1
Santiago San Joaquín,Diurna,680-1,Mag.Cs. de la Ing.Informática,Magíster,,68002,Malla Nueva,3
Santiago San Joaquín,Diurna,680-1,Mag.Cs. de la Ing.Informática,Magíster,,68001,Malla Antigua,1
Santiago San Joaquín,Diurna,480-1,Mag.Cs. de la Ing.Mecánica,Magíster,,48001,Malla Nueva,2
Santiago San Joaquín,Diurna,580-1,Mag.Cs. de la Ing.Química,Magíster,,58002,Malla Nueva,4
Santiago San Joaquín,Diurna,580-1,Mag.Cs. de la Ing.Química,Magíster,,58001,Malla Antigua,3
Santiago San Joaquín,Diurna,120-1,Mag.Tecnologías de Información,Magíster,,12025,Malla Nueva,5
Santiago San Joaquín,Diurna,690-1,Doc. en Ing. Informática,Doctorado,,69001,Malla Nueva,1
Santiago San Joaquín,Diurna,601-1,Doc. en Ing. Sostenible,Doctorado,,60125,Malla Nueva,1
Santiago San Joaquín,Vespertina,72-1,Ingeniería Informática,Profesional,,7211,Malla Nueva,3
Santiago San Joaquín,Vespertina,40-1,Ingeniería Mecánica Industrial,Profesional,,4005,Malla Nueva,6
Santiago San Joaquín,Vespertina,40-1,Ingeniería Mecánica Industrial,Profesional,,4000,Malla Antigua,3
Santiago Vitacura,Diurna,49-1,Tec. Univ. en Mantenimiento Aeronáutico,Técnica,,4920,Malla Nueva,4
Santiago Vitacura,Diurna,49-3,Tec. Univ. en Mantenimiento Aeronáutico,Técnica,,,Sin dato,
Santiago Vitacura,Diurna,28-1,Téc. Univ. en Administración de Empresas,Técnica,,2700,Malla Nueva,4
Santiago Vitacura,Diurna,60-1,Ing. Civil Industrial,Profesional,,6006,Malla Antigua,12
Santiago Vitacura,Diurna,60-1,Ing. Civil Industrial,Profesional,,6008,Malla Antigua,10
Santiago Vitacura,Diurna,60-1,Ing. Civil Industrial,Profesional,Proyectos,6050,Malla Nueva,12
Santiago Vitacura,Diurna,73-1,Ing. Civil Informática,Profesional,,,Sin dato,
Santiago Vitacura,Diurna,66-1,Ing. Comercial,Profesional,,6607,Malla Nueva,11
Santiago Vitacura,Diurna,66-1,Ing. Comercial,Profesional,,6606,Malla Antigua,11
Santiago Vitacura,Diurna,69-1,Ing. en Aviación Comercial,Profesional,,6923,Malla Nueva,10
Santiago Vitacura,Diurna,25-1,Ingeniería Eléctrica,Profesional,,2511,Malla Nueva,10
Santiago Vitacura,Diurna,25-1,Ingeniería Eléctrica,Profesional,,2510,Malla Antigua,10
Santiago Vitacura,Diurna,59-1,Piloto Comercial,Profesional,,5912,Malla Nueva,6
Santiago Vitacura,Diurna,59-1,Piloto Comercial,Profesional,,5900,Malla Antigua,6
Santiago Vitacura,Diurna,59-1,Piloto Comercial,Profesional,,5910,Malla Antigua,7
Santiago Vitacura,Diurna,59-1,Piloto Comercial,Profesional,,5911,Malla Antigua,6
Santiago Vitacura,Diurna,170-1,Mag. Des. de Proy. Industriales,Magíster,,,Sin dato,
Santiago Vitacura,Diurna,200-1,Mag. en Ing. Industrial,Magíster,,202,Malla Nueva,4
Santiago Vitacura,Diurna,190-1,Mag. Gestión del Agua,Magíster,,191,Malla Nueva,4
Santiago Vitacura,Diurna,180-1,Mag. Prof. en Redes y Telecom.,Magíster,,002,Malla Nueva,4
Santiago Vitacura,Diurna,270-1,Mag.Cs. de la Ing.Industrial,Magíster,,27001,Malla Nueva,1
Santiago Vitacura,Diurna,150-1,Mag.Emprendimiento e innovación Tecnológica,Magíster,,15001,Malla Nueva,4
Santiago Vitacura,Diurna,140-1,Mag.en Economía Energética,Magíster,,14002,Malla Nueva,4
Santiago Vitacura,Diurna,100-1,Mag.en Gestión Empresarial,Magíster,,10004,Malla Nueva,4
Santiago Vitacura,Diurna,100-1,Mag.en Gestión Empresarial,Magíster,,10001,Malla Antigua,4
Santiago Vitacura,Diurna,100-1,Mag.en Gestión Empresarial,Magíster,,10003,Malla Antigua,4
Santiago Vitacura,Diurna,110-1,Mag.en Ingeniería Aeronáutica,Magíster,Aeronáutica,11001,Malla Nueva,4
Santiago Vitacura,Diurna,130-1,Mag.Gestión Activos y Mantenimiento,Magíster,,13001,Malla Nueva,4
Santiago Vitacura,Diurna,160-1,Mag.Gestión y Tecnología Agronómica,Magíster,,16001,Malla Nueva,4
Santiago Vitacura,Diurna,120-1,Mag.Tecnologías de Información,Magíster,,12001,Malla Nueva,5
Santiago Vitacura,Vespertina,60-1,Ing. Civil Industrial,Profesional,,6806,Malla Nueva,11
Santiago Vitacura,Vespertina,60-1,Ing. Civil Industrial,Profesional,,6705,Malla Antigua,11
Santiago Vitacura,Vespertina,60-1,Ing. Civil Industrial,Profesional,,6706,Malla Antigua,11
Santiago Vitacura,Vespertina,60-1,Ing. Civil Industrial,Profesional,,6805,Malla Antigua,11
Santiago Vitacura,Vespertina,58-1,Ingeniería Comercial,Profesional,,5801,Malla Nueva,9
Santiago Vitacura,Vespertina,25-1,Ingeniería Eléctrica,Profesional,,2000,Malla Nueva,3
Santiago Vitacura,Vespertina,25-1,Ingeniería Eléctrica,Profesional,,2001,Malla Antigua,3
Santiago (Vesp. JMC),Diurna,56-3,Ing. Mantenimiento Industrial,Profesional,,,Sin dato,
Santiago (Vesp. JMC),Vespertina,2-3,I.Ejec.Prevención De Riesgos,Profesional,,,Sin dato,
Santiago (Vesp. JMC),Vespertina,5-3,Ing. de Ejec. en Control e Instr. Ind.,Profesional,,,Sin dato,
Santiago (Vesp. JMC),Vespertina,12-3,Ing. de Ejec. en Gestión de  la Calidad,Profesional,,,Sin dato,
Santiago (Vesp. JMC),Vespertina,1-3,Ing. de Ejec. en Gestión Industrial,Profesional,,,Sin dato,
Santiago (Vesp. JMC),Vespertina,8-3,Ing. de Ejec. en Mantenimiento Industrial,Profesional,,,Sin dato,
Santiago (Vesp. JMC),Vespertina,4-3,Ing. de Ejec. en Manufactura,Profesional,,,Sin dato,
Santiago (Vesp. JMC),Vespertina,6-3,Ing. de Ejec. en Proyectos de Ingeniería,Profesional,,,Sin dato,
Santiago (Vesp. JMC),Vespertina,3-3,Ing. de Ejec. en Sistemas Computacionales,Profesional,,,Sin dato,
Santiago (Vesp. JMC),Vespertina,7-3,Ing. de Ejec. en Software,Profesional,,,Sin dato,
Santiago (Vesp. JMC),Vespertina,10-3,Ing. en Construcción,Profesional,,,Sin dato,
Santiago (Vesp. JMC),Vespertina,9-3,Ing. en Prevención de Riesgos Lab.y Amb.,Profesional,,,Sin dato,
Santiago (Vesp. JMC),Vespertina,39-3,Ing. en Proyectos de Ingeniería,Profesional,,,Sin dato,
Santiago (Vesp. JMC),Vespertina,56-3,Ing. Mantenimiento Industrial,Profesional,,,Sin dato,
Viña del Mar,Diurna,121-3,Tec. Univ. Indus. en Elec. Men. Dist. y Control,Técnica,,,Sin dato,
Viña del Mar,Diurna,45-3,Tec. Univ. Mantenimiento Industrial,Técnica,,3 (2019),Malla Nueva,4
Viña del Mar,Diurna,45-3,Tec. Univ. Mantenimiento Industrial,Técnica,,1 (2014 - 2014),Malla Antigua,5
Viña del Mar,Diurna,45-3,Tec. Univ. Mantenimiento Industrial,Técnica,,2 (2016 - 2025),Malla Antigua,5
Viña del Mar,Diurna,31-3,Tec. Univ. Matricería para Plásticos y Met.,Técnica,,11 (2003 - 2020),Malla Nueva,6
Viña del Mar,Diurna,51-3,Tec. Univ. Mecánica Automotriz,Técnica,,13 (2019),Malla Nueva,4
Viña del Mar,Diurna,51-3,Tec. Univ. Mecánica Automotriz,Técnica,,11 (2003 - 2020),Malla Antigua,6
Viña del Mar,Diurna,51-3,Tec. Univ. Mecánica Automotriz,Técnica,,12 (2016 - 2025),Malla Antigua,5
Viña del Mar,Diurna,65-3,Tec. Univ. Prevención de Riesgos,Técnica,,13 (2019),Malla Nueva,4
Viña del Mar,Diurna,65-3,Tec. Univ. Prevención de Riesgos,Técnica,,11 (2003 - 2020),Malla Antigua,6
Viña del Mar,Diurna,65-3,Tec. Univ. Prevención de Riesgos,Técnica,,12 (2017),Malla Antigua,5
Viña del Mar,Diurna,71-3,Tec. Univ. Proyecto y Diseño Mecánico,Técnica,,12 (2019),Malla Nueva,4
Viña del Mar,Diurna,71-3,Tec. Univ. Proyecto y Diseño Mecánico,Técnica,,10 (2003 - 2020),Malla Antigua,6
Viña del Mar,Diurna,71-3,Tec. Univ. Proyecto y Diseño Mecánico,Técnica,,11 (2016 - 2025),Malla Antigua,5
Viña del Mar,Diurna,72-3,Tec. Univ. Proyectos de Ingeniería,Técnica,,5 (2019),Malla Nueva,4
Viña del Mar,Diurna,72-3,Tec. Univ. Proyectos de Ingeniería,Técnica,,3 (2003 - 2020),Malla Antigua,6
Viña del Mar,Diurna,72-3,Tec. Univ. Proyectos de Ingeniería,Técnica,,4 (2017),Malla Antigua,5
Viña del Mar,Diurna,84-3,Tec. Univ. Química Mención Química Analítica,Técnica,,3 (2019),Malla Nueva,4
Viña del Mar,Diurna,84-3,Tec. Univ. Química Mención Química Analítica,Técnica,,1 (2003 - 2020),Malla Antigua,6
Viña del Mar,Diurna,84-3,Tec. Univ. Química Mención Química Analítica,Técnica,,2 (2017),Malla Antigua,5
Viña del Mar,Diurna,82-3,Téc. Univ Control de Alimentos,Técnica,,11 (2003 - 2020),Malla Nueva,6
Viña del Mar,Diurna,63-3,Téc. Univ. Construcción,Técnica,,120 (2006 - 2020),Malla Antigua,5
Viña del Mar,Diurna,63-3,Téc. Univ. Construcción,Técnica,,13 (2017),Malla Antigua,5
Viña del Mar,Diurna,63-3,Téc. Univ. Construcción,Técnica,,14 (2019),Malla Antigua,4
Viña del Mar,Diurna,63-3,Téc. Univ. Construcción,Técnica,,4 (1988 - 1988),Malla Antigua,5
Viña del Mar,Diurna,63-3,Téc. Univ. Construcción,Técnica,,5 (1989 - 1991),Malla Antigua,6
Viña del Mar,Diurna,63-3,Téc. Univ. Construcción,Técnica,INSTALACIONES,122 (2006 - 2020),Malla Nueva,6
Viña del Mar,Diurna,63-3,Téc. Univ. Construcción,Técnica,OBRAS CIVILES,121 (2006 - 2020),Malla Antigua,6
Viña del Mar,Diurna,83-3,Téc. Univ. Control del Medio Ambiente,Técnica,,6 (2019),Malla Nueva,4
Viña del Mar,Diurna,83-3,Téc. Univ. Control del Medio Ambiente,Técnica,,3 (2003 - 2020),Malla Antigua,6
Viña del Mar,Diurna,83-3,Téc. Univ. Control del Medio Ambiente,Técnica,,4 (2014 - 2020),Malla Antigua,5
Viña del Mar,Diurna,83-3,Téc. Univ. Control del Medio Ambiente,Técnica,,5 (2017),Malla Antigua,5
Viña del Mar,Diurna,33-3,Téc. Univ. Diseño y Prod. Ind. Moldes y Matrices,Técnica,,3 (2019),Malla Nueva,4
Viña del Mar,Diurna,33-3,Téc. Univ. Diseño y Prod. Ind. Moldes y Matrices,Técnica,,1 (2014 - 2020),Malla Antigua,5
Viña del Mar,Diurna,33-3,Téc. Univ. Diseño y Prod. Ind. Moldes y Matrices,Técnica,,2 (2017),Malla Antigua,5
Viña del Mar,Diurna,11-3,Téc. Univ. Electricidad,Técnica,,13 (2019),Malla Nueva,4
Viña del Mar,Diurna,11-3,Téc. Univ. Electricidad,Técnica,,11 (2003 - 2020),Malla Antigua,6
Viña del Mar,Diurna,11-3,Téc. Univ. Electricidad,Técnica,,12 (2016 - 2025),Malla Antigua,5
Viña del Mar,Diurna,21-3,Téc. Univ. Electrónica,Técnica,,120 (2006 - 2020),Malla Antigua,5
Viña del Mar,Diurna,21-3,Téc. Univ. Electrónica,Técnica,,13 (2016 - 2025),Malla Antigua,5
Viña del Mar,Diurna,21-3,Téc. Univ. Electrónica,Técnica,,14 (2019),Malla Antigua,4
Viña del Mar,Diurna,21-3,Téc. Univ. Electrónica,Técnica,CONTROL E INSTRUMENTACION INDUSTRIAL,121 (2006 - 2020),Malla Antigua,6
Viña del Mar,Diurna,21-3,Téc. Univ. Electrónica,Técnica,SISTEMAS COMPUTACIONALES,122 (2006 - 2020),Malla Nueva,6
Viña del Mar,Diurna,27-3,Téc. Univ. en Administración de Empresas,Técnica,,1 (2020),Malla Nueva,4
Viña del Mar,Diurna,107-3,Téc. Univ. en Biotecnología,Técnica,,1 (2021),Malla Nueva,4
Viña del Mar,Diurna,126-3,Téc. Univ. en Ciencia de Datos,Técnica,,12625 (2024),Malla Nueva,4
Viña del Mar,Diurna,46-3,Téc. Univ. Energías Renovables,Técnica,,2 (2019),Malla Nueva,4
Viña del Mar,Diurna,46-3,Téc. Univ. Energías Renovables,Técnica,,1 (2017),Malla Antigua,5
Viña del Mar,Diurna,85-3,Téc. Univ. Gestión de Calidad en Alimentos,Técnica,,3 (2019),Malla Nueva,4
Viña del Mar,Diurna,85-3,Téc. Univ. Gestión de Calidad en Alimentos,Técnica,,1 (2014 - 2014),Malla Antigua,5
Viña del Mar,Diurna,85-3,Téc. Univ. Gestión de Calidad en Alimentos,Técnica,,2 (2017),Malla Antigua,5
Viña del Mar,Diurna,122-3,Téc. Univ. Indus. con Men. en Mecánica de Mant.,Técnica,,,Sin dato,
Viña del Mar,Diurna,92-3,Téc. Univ. Informática,Técnica,,3 (2019),Malla Nueva,4
Viña del Mar,Diurna,92-3,Téc. Univ. Informática,Técnica,,1 (2003 - 2020),Malla Antigua,6
Viña del Mar,Diurna,92-3,Téc. Univ. Informática,Técnica,,2 (2017),Malla Antigua,5
Viña del Mar,Diurna,43-3,Téc. Univ. Mecánica de Procesos y Mant. Ind.,Técnica,,1 (2007 - 2020),Malla Nueva,6
Viña del Mar,Diurna,41-3,Téc. Univ. Mecánica Industrial,Técnica,,14 (2019),Malla Nueva,4
Viña del Mar,Diurna,41-3,Téc. Univ. Mecánica Industrial,Técnica,,12 (2003 - 2020),Malla Antigua,6
Viña del Mar,Diurna,41-3,Téc. Univ. Mecánica Industrial,Técnica,,13 (2016 - 2025),Malla Antigua,5
Viña del Mar,Diurna,44-3,Téc. Univ. Minería y Metalurgia,Técnica,,3 (2019),Malla Nueva,4
Viña del Mar,Diurna,44-3,Téc. Univ. Minería y Metalurgia,Técnica,,1 (2011 - 2020),Malla Antigua,5
Viña del Mar,Diurna,44-3,Téc. Univ. Minería y Metalurgia,Técnica,,2 (2016 - 2025),Malla Antigua,5
Viña del Mar,Diurna,22-3,Téc. Univ. Telecomunicaciones y Redes,Técnica,,3 (2019),Malla Nueva,4
Viña del Mar,Diurna,22-3,Téc. Univ. Telecomunicaciones y Redes,Técnica,,1 (2011 - 2020),Malla Antigua,5
Viña del Mar,Diurna,22-3,Téc. Univ. Telecomunicaciones y Redes,Técnica,,2 (2016 - 2025),Malla Antigua,5
Viña del Mar,Diurna,113-3,Técnico Universitario en Alimentos,Técnica,,1 (2022),Malla Nueva,4
Viña del Mar,Diurna,108-3,Técnico Universitario en Mantenimiento Industrial,Técnica,,108 (2022 - 2024),Malla Nueva,4
Viña del Mar,Diurna,66-3,Ing. de Ejec. en Prev. de Riesgos,Profesional,,1 (2000 - 2012),Malla Nueva,8
Viña del Mar,Diurna,42-3,Ing. Ejec. Mecánica de Proc. y Mant.Ind.,Profesional,,1 (2000 - 2020),Malla Nueva,9
Viña del Mar,Diurna,73-3,Ing. en Fabricación y Diseño Industrial,Profesional,,2 (2025),Malla Nueva,8
Viña del Mar,Diurna,73-3,Ing. en Fabricación y Diseño Industrial,Profesional,,1 (2011 - 2020),Malla Antigua,8
Viña del Mar,Diurna,56-3,Ing. Mantenimiento Industrial,Profesional,,1 (2019),Malla Nueva,8
Viña del Mar,Diurna,67-3,Ing. Prevención de Riesgos Laborales y Ambientales,Profesional,,1 (2011 - 2020),Malla Nueva,8
Viña del Mar,Diurna,111-3,Ingeniería en Biotecnología,Profesional,,11323 (2022),Malla Nueva,8
Viña del Mar,Diurna,29-3,Ingeniería en Informática,Profesional,,2920 (2020),Malla Nueva,8
Viña del Mar,Vespertina,2-3,I.Ejec.Prevención De Riesgos,Profesional,Modalidad 3 Años,20051 (2005 - 2016),Malla Nueva,6
Viña del Mar,Vespertina,5-3,Ing. de Ejec. en Control e Instr. Ind.,Profesional,Semanal-Vespertina,20041 (2004 - 2016),Malla Nueva,6
Viña del Mar,Vespertina,12-3,Ing. de Ejec. en Gestión de  la Calidad,Profesional,Semanal-Vespertina,20131 (2013 - 2016),Malla Nueva,6
Viña del Mar,Vespertina,1-3,Ing. de Ejec. en Gestión Industrial,Profesional,Residencial,20073 (2007 - 2016),Malla Nueva,6
Viña del Mar,Vespertina,1-3,Ing. de Ejec. en Gestión Industrial,Profesional,Semanal - Vespertina,19941 (1994 - 2003),Malla Antigua,6
Viña del Mar,Vespertina,1-3,Ing. de Ejec. en Gestión Industrial,Profesional,Semanal - Vespertina,20041 (2004 - 2016),Malla Antigua,6
Viña del Mar,Vespertina,8-3,Ing. de Ejec. en Mantenimiento Industrial,Profesional,Modalidad 3 Años,20051 (2005 - 2016),Malla Antigua,6
Viña del Mar,Vespertina,8-3,Ing. de Ejec. en Mantenimiento Industrial,Profesional,Modalidad Residencial,20133 (2013 - 2013),Malla Nueva,6
Viña del Mar,Vespertina,4-3,Ing. de Ejec. en Manufactura,Profesional,,,Sin dato,
Viña del Mar,Vespertina,66-3,Ing. de Ejec. en Prev. de Riesgos,Profesional,,,Sin dato,
Viña del Mar,Vespertina,6-3,Ing. de Ejec. en Proyectos de Ingeniería,Profesional,Modalidad 3 Años,20041 (2004 - 2016),Malla Nueva,6
Viña del Mar,Vespertina,6-3,Ing. de Ejec. en Proyectos de Ingeniería,Profesional,Modalidad 3 Años,20021 (2002 - 2003),Malla Antigua,6
Viña del Mar,Vespertina,3-3,Ing. de Ejec. en Sistemas Computacionales,Profesional,Modalidad 3 Años,20041 (2004 - 2016),Malla Nueva,6
Viña del Mar,Vespertina,7-3,Ing. de Ejec. en Software,Profesional,Modalidad 2 Años,20102 (2010 - 2013),Malla Nueva,4
Viña del Mar,Vespertina,7-3,Ing. de Ejec. en Software,Profesional,Semanal - Vespertina,20041 (2004 - 2016),Malla Antigua,6
Viña del Mar,Vespertina,10-3,Ing. en Construcción,Profesional,Semanal - Vespertina,20081 (2008 - 2016),Malla Nueva,6
Viña del Mar,Vespertina,9-3,Ing. en Prevención de Riesgos Lab.y Amb.,Profesional,Modalidad 3 Años,20111 (2011 - 2023),Malla Nueva,6
Viña del Mar,Vespertina,9-3,Ing. en Prevención de Riesgos Lab.y Amb.,Profesional,Modalidad Semanal - Vespertina,20111 (2020),Malla Antigua,6
Viña del Mar,Vespertina,39-3,Ing. en Proyectos de Ingeniería,Profesional,Semanal-Vespertina,1 (2019),Malla Nueva,6
Viña del Mar,Vespertina,56-3,Ing. Mantenimiento Industrial,Profesional,Modalidad 2 años,3 (2019),Malla Antigua,0
Viña del Mar,Vespertina,56-3,Ing. Mantenimiento Industrial,Profesional,Residencial,4 (2019),Malla Nueva,6
Viña del Mar,Vespertina,56-3,Ing. Mantenimiento Industrial,Profesional,Semanal-Vespertina,2 (2019),Malla Antigua,6
Concepción,Diurna,36-4,Téc. Univ. Dibujante Proyectista,Técnica,,3620,Malla Nueva,4
Concepción,Diurna,36-4,Téc. Univ. Dibujante Proyectista,Técnica,,3610,Malla Antigua,6
Concepción,Diurna,36-4,Téc. Univ. Dibujante Proyectista,Técnica,,3617,Malla Antigua,5
Concepción,Diurna,27-4,Téc. Univ. en Administración de Empresas,Técnica,,27011,Malla Nueva,4
Concepción,Diurna,22-4,Téc. Univ. en Automatización y Control,Técnica,,2220,Malla Nueva,4
Concepción,Diurna,22-4,Téc. Univ. en Automatización y Control,Técnica,,2216,Malla Antigua,5
Concepción,Diurna,107-4,Téc. Univ. en Biotecnología,Técnica,,22,Malla Nueva,4
Concepción,Diurna,126-4,Téc. Univ. en Ciencia de Datos,Técnica,,12725,Malla Nueva,4
Concepción,Diurna,16-4,Téc. Univ. en Computación e Informática,Técnica,,1696,Malla Nueva,5
Concepción,Diurna,34-4,Téc. Univ. en Construcción,Técnica,,3420,Malla Nueva,4
Concepción,Diurna,34-4,Téc. Univ. en Construcción,Técnica,,3403,Malla Antigua,6
Concepción,Diurna,34-4,Téc. Univ. en Construcción,Técnica,,3417,Malla Antigua,5
Concepción,Diurna,35-4,Téc. Univ. en Construcción Civil,Técnica,,,Sin dato,
Concepción,Diurna,52-4,Téc. Univ. en Control de Alimentos,Técnica,,5203,Malla Nueva,6
Concepción,Diurna,59-4,Téc. Univ. en Control del Medio Ambiente,Técnica,,5920,Malla Nueva,4
Concepción,Diurna,59-4,Téc. Univ. en Control del Medio Ambiente,Técnica,,5914,Malla Antigua,5
Concepción,Diurna,59-4,Téc. Univ. en Control del Medio Ambiente,Técnica,,5917,Malla Antigua,5
Concepción,Diurna,20-4,Téc. Univ. en Electricidad,Técnica,,2020,Malla Nueva,4
Concepción,Diurna,20-4,Téc. Univ. en Electricidad,Técnica,,2003,Malla Antigua,6
Concepción,Diurna,20-4,Téc. Univ. en Electricidad,Técnica,,2016,Malla Antigua,5
Concepción,Diurna,10-4,Téc. Univ. en Electrónica,Técnica,,10020,Malla Nueva,4
Concepción,Diurna,10-4,Téc. Univ. en Electrónica,Técnica,,1003,Malla Antigua,6
Concepción,Diurna,10-4,Téc. Univ. en Electrónica,Técnica,,1016,Malla Antigua,5
Concepción,Diurna,31-4,Téc. Univ. en Estructuras,Técnica,,,Sin dato,
Concepción,Diurna,70-4,Téc. Univ. en Industrial Madereras,Técnica,,7003,Malla Nueva,6
Concepción,Diurna,17-4,Téc. Univ. en Informática,Técnica,,1720,Malla Nueva,4
Concepción,Diurna,17-4,Téc. Univ. en Informática,Técnica,,1703,Malla Antigua,6
Concepción,Diurna,17-4,Téc. Univ. en Informática,Técnica,,1717,Malla Antigua,5
Concepción,Diurna,39-4,Téc. Univ. en Mantenimiento Industrial,Técnica,,3920,Malla Nueva,4
Concepción,Diurna,44-4,Téc. Univ. en Mec. de Proc. y Mant. Ind.,Técnica,,4400,Malla Nueva,6
Concepción,Diurna,43-4,Téc. Univ. en Mecánica Automotriz,Técnica,,4320,Malla Nueva,4
Concepción,Diurna,43-4,Téc. Univ. en Mecánica Automotriz,Técnica,,4303,Malla Antigua,6
Concepción,Diurna,43-4,Téc. Univ. en Mecánica Automotriz,Técnica,,4316,Malla Antigua,5
Concepción,Diurna,42-4,Téc. Univ. en Mecánica Automotriz Diesel,Técnica,,4203,Malla Nueva,6
Concepción,Diurna,40-4,Téc. Univ. en Mecánica de Mantenimiento,Técnica,,,Sin dato,
Concepción,Diurna,30-4,Téc. Univ. en Mecánica Estructural,Técnica,,3088,Malla Nueva,6
Concepción,Diurna,41-4,Téc. Univ. en Mecánica Industrial,Técnica,,4120,Malla Nueva,4
Concepción,Diurna,41-4,Téc. Univ. en Mecánica Industrial,Técnica,,4103,Malla Antigua,6
Concepción,Diurna,41-4,Téc. Univ. en Mecánica Industrial,Técnica,,4116,Malla Antigua,5
Concepción,Diurna,60-4,Téc. Univ. en Prevención de Riesgos,Técnica,,60020,Malla Nueva,4
Concepción,Diurna,60-4,Téc. Univ. en Prevención de Riesgos,Técnica,,6003,Malla Antigua,6
Concepción,Diurna,60-4,Téc. Univ. en Prevención de Riesgos,Técnica,,6017,Malla Antigua,5
Concepción,Diurna,32-4,Téc. Univ. en Proyecto y Diseño Estructural,Técnica,,3203,Malla Nueva,6
Concepción,Diurna,37-4,Téc. Univ. en Proyectos de Ingeniería,Técnica,,3703,Malla Nueva,6
Concepción,Diurna,50-4,Téc. Univ. en Química Analítica,Técnica,,,Sin dato,
Concepción,Diurna,51-4,Téc. Univ. en Química Industrial,Técnica,,5103,Malla Nueva,6
Concepción,Diurna,53-4,Téc. Univ. en Química Mención Química Ind.,Técnica,,5320,Malla Nueva,4
Concepción,Diurna,53-4,Téc. Univ. en Química Mención Química Ind.,Técnica,,5317,Malla Antigua,5
Concepción,Diurna,23-4,Téc. Univ. en Robótica y Mecatrónica,Técnica,,2320,Malla Nueva,4
Concepción,Diurna,23-4,Téc. Univ. en Robótica y Mecatrónica,Técnica,,2314,Malla Antigua,5
Concepción,Diurna,11-4,Téc. Univ. en Sistemas Electrónicos,Técnica,,,Sin dato,
Concepción,Diurna,28-4,Téc. Univ. en Telecomunicaciones y Redes,Técnica,,2820,Malla Nueva,4
Concepción,Diurna,28-4,Téc. Univ. en Telecomunicaciones y Redes,Técnica,,2817,Malla Antigua,5
Concepción,Diurna,33-4,Téc. Univ. en Topografía,Técnica,,3310,Malla Nueva,6
Concepción,Diurna,63-4,Ing. de Ejec. en Mec. de Proc. y Mant. Ind.,Profesional,,6300,Malla Nueva,9
Concepción,Diurna,62-4,Ing. de Ejec. en Prev. de Riesgos,Profesional,,6200,Malla Nueva,8
Concepción,Diurna,56-4,Ing. en Mantenimiento Industrial,Profesional,,5601,Malla Nueva,8
Concepción,Diurna,61-4,Ing. en Prev. de Riesgos Lab. y Amb.,Profesional,,6111,Malla Nueva,8
Concepción,Diurna,111-4,Ingeniería en Biotecnología,Profesional,,11123,Malla Nueva,8
Concepción,Diurna,29-4,Ingeniería en Informática,Profesional,,2920,Malla Nueva,8
Concepción,Diurna,150-1,Mag.Emprendimiento e innovación Tecnológica,Magíster,,,Sin dato,
Concepción,Diurna,100-1,Mag.en Gestión Empresarial,Magíster,,PPT15,Malla Nueva,1
Concepción,Diurna,500-1,Doctorado en Int. Art,Doctorado,,,Sin dato,
Concepción,Vespertina,69-4,Téc. Univ. en Gestión de la Produc. (Codelco),Técnica,,6911,Malla Nueva,6
Concepción,Vespertina,24-4,Téc. Univ. en Mantenimiento Industrial  Vespertino,Técnica,,2414,Malla Nueva,5
Concepción,Vespertina,38-4,Téc. Univ. en Mantenimiento Industrial (Angol),Técnica,,3814,Malla Nueva,5
Concepción,Vespertina,58-4,Téc. Univ. en Mantenimiento Industrial (Curicó),Técnica,,5814,Malla Nueva,5
Concepción,Vespertina,57-4,Téc. Univ. en Robótica y Mecatrónica (Curicó),Técnica,,5715,Malla Nueva,5
Concepción,Vespertina,67-4,Téc. Univ. Ind. en Electric. M. Dist. y Control,Técnica,,6712,Malla Nueva,6
Concepción,Vespertina,66-4,Téc. Univ. Ind. en Mec. de Mantenim. (Curicó),Técnica,,6613,Malla Nueva,6
Concepción,Vespertina,8-4,Téc. Univ. Ind. M. en Instr. y Control Automat.,Técnica,,0809,Malla Nueva,6
Concepción,Vespertina,78-4,Téc. Univ. Ind. M. Mec. de Mantenim. (Angol),Técnica,,7808,Malla Nueva,6
Concepción,Vespertina,82-4,Téc. Univ. Ind. M. Mec. de Mantenim. (Concep),Técnica,,8213,Malla Nueva,6
Concepción,Vespertina,82-4,Téc. Univ. Ind. M. Mec. de Mantenim. (Concep),Técnica,,8202,Malla Antigua,6
Concepción,Vespertina,82-4,Téc. Univ. Ind. M. Mec. de Mantenim. (Concep),Técnica,,8204,Malla Antigua,6
Concepción,Vespertina,82-4,Téc. Univ. Ind. M. Mec. de Mantenim. (Concep),Técnica,,8205,Malla Antigua,6
Concepción,Vespertina,82-4,Téc. Univ. Ind. M. Mec. de Mantenim. (Concep),Técnica,,8207,Malla Antigua,6
Concepción,Vespertina,82-4,Téc. Univ. Ind. M. Mec. de Mantenim. (Concep),Técnica,,8208,Malla Antigua,6
Concepción,Vespertina,82-4,Téc. Univ. Ind. M. Mec. de Mantenim. (Concep),Técnica,,8209,Malla Antigua,6
Concepción,Vespertina,82-4,Téc. Univ. Ind. M. Mec. de Mantenim. (Concep),Técnica,,8212,Malla Antigua,6
Concepción,Vespertina,83-4,Téc. Univ. Ind. M. Oper. Plant. Proc. Industr.,Técnica,,8303,Malla Nueva,6
Concepción,Vespertina,4-4,Téc. Univ. Ind. M. Sist. Electric. de Control,Técnica,,0407,Malla Nueva,6
Concepción,Vespertina,5-4,Téc. Univ. Ind. M. Sist. Electric. de Control,Técnica,,0507,Malla Nueva,6
Concepción,Vespertina,79-4,Téc. Univ. Ind. M. Sist. Electric. de Control,Técnica,,7906,Malla Nueva,6
Concepción,Vespertina,79-4,Téc. Univ. Ind. M. Sist. Electric. de Control,Técnica,,7904,Malla Antigua,6
Concepción,Vespertina,81-4,Téc. Univ. Ind. M. Sist. Electric. de Control,Técnica,,8105,Malla Nueva,6
Concepción,Vespertina,81-4,Téc. Univ. Ind. M. Sist. Electric. de Control,Técnica,,8102,Malla Antigua,6
Concepción,Vespertina,81-4,Téc. Univ. Ind. M. Sist. Electric. de Control,Técnica,,8104,Malla Antigua,6
Concepción,Vespertina,92-4,Ing. de Ejec. en Control e Instr. Ind.,Profesional,Semanal - Vespertina,9210,Malla Nueva,6
Concepción,Vespertina,65-4,Ing. de Ejec. en Control e Instr. Ind. (Curicó),Profesional,,6513,Malla Nueva,6
Concepción,Vespertina,64-4,Ing. de Ejec. en Control e Instr. Ind. (Ejecutiva),Profesional,Ejecutiva,6413,Malla Nueva,6
Concepción,Vespertina,1-4,Ing. de Ejec. en Control e Instr. Ind. (L.Ang),Profesional,,,Sin dato,
Concepción,Vespertina,2-4,Ing. de Ejec. en Control e Instr. Ind. (Talca),Profesional,,0205,Malla Nueva,6
Concepción,Vespertina,86-4,Ing. de Ejec. en Gestión de la Calidad,Profesional,,8611,Malla Nueva,6
Concepción,Vespertina,72-4,Ing. de Ejec. en Gestión de la Calidad (Modular),Profesional,,7208,Malla Nueva,6
Concepción,Vespertina,75-4,Ing. de Ejec. en Gestión de la Calidad (Santiago),Profesional,Modular,7510,Malla Nueva,6
Concepción,Vespertina,85-4,Ing. de Ejec. en Gestión Industrial,Profesional,Semanal - Vespertina,8511,Malla Nueva,6
Concepción,Vespertina,9-4,Ing. de Ejec. en Gestión Industrial (Chillán),Profesional,,0911,Malla Nueva,6
Concepción,Vespertina,3-4,Ing. de Ejec. en Gestión Industrial (Constituc.),Profesional,,0305,Malla Nueva,6
Concepción,Vespertina,6-4,Ing. de Ejec. en Gestión Industrial (Ejecutiva),Profesional,Ejecutiva,0607,Malla Nueva,6
Concepción,Vespertina,7-4,Ing. de Ejec. en Gestión Industrial (Talca),Profesional,,0708,Malla Nueva,6
Concepción,Vespertina,91-4,Ing. de Ejec. en Gestión y Control Amb.,Profesional,Semanal - Vespertina,9105,Malla Nueva,6
Concepción,Vespertina,74-4,Ing. de Ejec. en Gestión y Control Amb.(Ejecutiva),Profesional,Ejecutiva,7408,Malla Nueva,6
Concepción,Vespertina,94-4,Ing. de Ejec. en Mantenimiento Ind.,Profesional,,9410,Malla Nueva,6
Concepción,Vespertina,68-4,Ing. de Ejec. en Mantenimiento Ind. (Modular),Profesional,,6812,Malla Nueva,6
Concepción,Vespertina,26-4,Ing. de Ejec. en Mantenimiento Ind. (Santiago),Profesional,,2618,Malla Nueva,6
Concepción,Vespertina,90-4,Ing. de Ejec. en Prev. de Riesgos,Profesional,,9005,Malla Nueva,6
Concepción,Vespertina,90-4,Ing. de Ejec. en Prev. de Riesgos,Profesional,,9096,Malla Antigua,6
Concepción,Vespertina,89-4,Ing. de Ejec. en Prev. de Riesgos (Rancagua),Profesional,,8905,Malla Nueva,6
Concepción,Vespertina,89-4,Ing. de Ejec. en Prev. de Riesgos (Rancagua),Profesional,,8903,Malla Antigua,6
Concepción,Vespertina,99-4,Ing. de Ejec. en Prev. de Riesgos (Santiago),Profesional,,9905,Malla Nueva,6
Concepción,Vespertina,99-4,Ing. de Ejec. en Prev. de Riesgos (Santiago),Profesional,,9904,Malla Antigua,6
Concepción,Vespertina,99-4,Ing. de Ejec. en Prev. de Riesgos (Santiago),Profesional,,9999,Malla Antigua,6
Concepción,Vespertina,93-4,Ing. de Ejec. en Proy. Estructurales,Profesional,Semanal - Vespertina,9310,Malla Nueva,6
Concepción,Vespertina,71-4,Ing. de Ejec. en Proy. Estructurales (Modular),Profesional,,7108,Malla Nueva,6
Concepción,Vespertina,95-4,Ing. de Ejec. en Química Mención Control,Profesional,Semanal - Vespertina,9510,Malla Nueva,6
Concepción,Vespertina,88-4,Ing. de Ejec. en Software,Profesional,,8805,Malla Nueva,6
Concepción,Vespertina,73-4,Ing. de Ejec. en Software (Modular),Profesional,,7308,Malla Nueva,6
Concepción,Vespertina,87-4,Ing. de Ejec. en Software (Rancagua),Profesional,,8705,Malla Nueva,6
Concepción,Vespertina,87-4,Ing. de Ejec. en Software (Rancagua),Profesional,,8704,Malla Antigua,6
Concepción,Vespertina,84-4,Ing. en Construcción,Profesional,Semanal - Vespertina,8407,Malla Nueva,6
Concepción,Vespertina,84-4,Ing. en Construcción,Profesional,Semanal - Vespertina,8406,Malla Antigua,6
Concepción,Vespertina,56-4,Ing. en Mantenimiento Industrial,Profesional,Ejecutiva,5603,Malla Nueva,6
Concepción,Vespertina,56-4,Ing. en Mantenimiento Industrial,Profesional,Semanal - Vespertina,5602,Malla Antigua,6
Concepción,Vespertina,77-4,Ing. en Prev. de Riesgos Lab. y Amb. (Concepción),Profesional,Modular,7711,Malla Nueva,6
Concepción,Vespertina,46-4,Ing. en Prev. de Riesgos Lab. y Amb. (Convers.),Profesional,,4614,Malla Nueva,2
Concepción,Vespertina,76-4,Ing. en Prev. de Riesgos Lab. y Amb. (Santiago),Profesional,Modular,7611,Malla Nueva,6
Concepción,Vespertina,54-4,Ingeniería Comercial,Profesional,Semanal - Vespertina,5810,Malla Nueva,10
Concepción,Vespertina,54-4,Ingeniería Comercial,Profesional,Semanal - Vespertina,5419,Malla Antigua,8
